时间/h（z=0中截面）,0 cm,0.5 cm,1 cm,1.5 cm,2 cm,药材表面
6,1.7200042184,1.5378625243,1.0227600745,,,0.4207637012
12,0.7383542069,0.6551485125,0.4085602313,,,0.1670923289
18,0.4091575076,0.3689419903,0.2398576870,,,0.0892468624
24,0.2853590273,0.2612343419,0.1790662978,,,0.0673568867
30,0.2264831470,0.2094999788,0.1493105173,,,0.0594970007
36,0.1929312307,0.1797382733,0.1316898356,,,0.0559641416
42,0.1713243711,0.1604355369,0.1199990679,,,0.0541026369
48,0.1562178748,0.1468577438,0.1115790321,,,0.0530086713
烘干结束时间,0.1499994997,0.1412473673,0.1080482670,,,0.0526094589
